payment_id,customer_id,staff_id,rental_id,amount,payment_date
16050,269,2,7,1.99,2007-01-24 21:40:19.996577
16051,269,1,98,0.99,2007-01-25 15:16:50.996577
16052,269,2,678,6.99,2007-01-28 21:44:14.996577
16053,269,2,703,0.99,2007-01-29 00:58:02.996577
16054,269,1,750,4.99,2007-01-29 08:10:06.996577
16055,269,2,1099,2.99,2007-01-31 12:23:14.996577
16056,270,1,193,1.99,2007-01-26 05:10:14.996577
16057,270,1,1040,4.99,2007-01-31 04:03:42.996577
16058,271,1,1096,8.99,2007-01-31 11:59:15.996577
16059,272,1,33,0.99,2007-01-25 02:47:17.996577
16060,272,1,405,6.99,2007-01-27 12:01:05.996577
16061,272,1,1041,6.99,2007-01-31 04:14:49.996577
16062,272,1,1072,0.99,2007-01-31 08:21:16.996577
16063,273,2,122,3.99,2007-01-25 18:14:47.996577
16064,273,2,980,0.99,2007-01-30 20:13:45.996577
16065,274,1,147,2.99,2007-01-25 22:46:16.996577
16066,274,1,208,4.99,2007-01-26 06:38:48.996577
16067,274,2,301,2.99,2007-01-26 19:34:40.996577
16068,274,1,394,5.99,2007-01-27 09:54:37.996577
16069,274,2,474,2.99,2007-01-27 20:40:22.996577
16070,274,1,892,4.99,2007-01-30 06:31:22.996577
16071,275,2,336,2.99,2007-01-27 01:43:49.996577
16072,276,1,736,3.99,2007-01-29 06:38:33.996577
16073,276,1,860,10.99,2007-01-30 01:13:42.996577
16074,277,2,308,6.99,2007-01-26 20:30:05.996577
16075,278,1,1092,4.99,2007-01-31 10:44:23.996577
16076,279,1,979,2.99,2007-01-30 20:05:37.996577
16077,279,2,1019,0.99,2007-01-31 01:33:33.996577
16078,280,1,1014,4.99,2007-01-31 01:07:42.996577
16079,281,2,650,2.99,2007-01-28 18:14:06.996577
16080,281,2,754,2.99,2007-01-29 08:47:25.996577
16081,282,2,48,1.99,2007-01-25 04:49:12.996577
16082,282,2,282,6.99,2007-01-26 17:24:52.996577
16083,282,2,564,0.99,2007-01-28 07:40:35.996577
16084,284,2,423,0.99,2007-01-27 14:01:23.996577
16085,284,2,791,0.99,2007-01-29 14:59:08.996577
16086,284,1,1145,6.99,2007-01-31 18:42:11.996577
16087,286,2,81,6.99,2007-01-25 10:43:45.996577
16088,287,2,498,0.99,2007-01-27 23:29:47.996577
16089,287,1,655,2.99,2007-01-28 18:44:46.996577
16090,287,2,964,2.99,2007-01-30 17:21:47.996577
16091,288,2,93,3.99,2007-01-25 14:22:42.996577
16092,288,2,427,6.99,2007-01-27 14:38:30.996577
16093,288,1,503,4.99,2007-01-28 00:03:51.996577
16094,288,2,565,5.99,2007-01-28 07:54:57.996577
16095,290,1,160,2.99,2007-01-26 00:14:46.996577
16096,291,1,54,4.99,2007-01-25 05:51:51.996577
16097,291,2,747,4.99,2007-01-29 07:55:00.996577
16098,291,1,1012,2.99,2007-01-31 00:46:31.996577
16099,292,1,324,0.99,2007-01-26 23:28:30.996577
16100,293,2,445,0.99,2007-01-27 17:11:23.996577
16101,293,1,924,4.99,2007-01-30 10:39:25.996577
16102,293,2,1034,8.99,2007-01-31 03:22:06.996577
16103,294,1,595,1.99,2007-01-28 12:28:20.996577
16104,295,2,371,3.99,2007-01-27 06:36:44.996577
16105,296,2,162,4.99,2007-01-26 00:30:31.996577
16106,296,1,511,5.99,2007-01-28 01:32:30.996577
16107,296,1,869,4.99,2007-01-30 02:50:32.996577
16108,296,2,956,2.99,2007-01-30 15:58:54.996577
16109,297,2,143,0.99,2007-01-25 22:14:18.996577
16110,297,1,954,3.99,2007-01-30 15:25:55.996577
16111,298,1,383,3.99,2007-01-27 08:40:46.996577
16112,299,1,332,5.99,2007-01-27 00:55:36.996577
16113,299,2,606,8.99,2007-01-28 13:17:05.996577
16114,300,2,457,0.99,2007-01-27 18:20:55.996577
16115,300,1,780,3.99,2007-01-29 12:46:58.996577
16116,300,1,1111,4.99,2007-01-31 13:52:45.996577
16117,301,2,27,4.99,2007-01-25 02:10:16.996577
16118,301,2,227,5.99,2007-01-26 09:20:12.996577
16119,301,1,955,0.99,2007-01-30 15:27:29.996577
16120,302,2,38,4.99,2007-01-25 03:16:10.996577
16121,302,2,92,5.99,2007-01-25 14:07:12.996577
16122,303,1,265,0.99,2007-01-26 14:36:04.996577
16123,303,1,871,2.99,2007-01-30 03:29:56.996577
16124,303,2,1050,4.99,2007-01-31 05:29:53.996577
16125,304,1,135,10.99,2007-01-25 20:27:24.996577
16126,304,1,415,0.99,2007-01-27 13:20:11.996577
16127,304,2,937,2.99,2007-01-30 13:15:57.996577
16128,305,2,69,2.99,2007-01-25 08:38:40.996577
16129,306,2,375,3.99,2007-01-27 07:17:47.996577
16130,306,2,672,6.99,2007-01-28 20:33:55.996577
16131,307,2,413,4.99,2007-01-27 13:14:03.996577
16132,307,1,535,4.99,2007-01-28 04:44:58.996577
16133,307,1,614,1.99,2007-01-28 14:01:54.996577
16134,307,1,970,6.99,2007-01-30 18:18:54.996577
16135,308,2,589,3.99,2007-01-28 10:56:16.996577
16136,309,2,218,6.99,2007-01-26 07:55:35.996577
16137,309,2,723,0.99,2007-01-29 04:03:10.996577
16138,310,2,104,0.99,2007-01-25 16:14:59.996577
16139,311,2,274,5.99,2007-01-26 15:17:17.996577
16140,311,2,544,6.99,2007-01-28 05:31:26.996577
16141,311,1,952,2.99,2007-01-30 14:56:33.996577
16142,311,2,990,3.99,2007-01-30 21:53:40.996577
16143,311,2,1128,6.99,2007-01-31 16:17:52.996577
16144,312,2,229,4.99,2007-01-26 09:47:46.996577
16145,312,1,530,0.99,2007-01-28 03:41:27.996577
16146,312,2,1049,4.99,2007-01-31 05:25:30.996577
16147,312,2,1079,6.99,2007-01-31 09:16:43.996577
16148,313,2,669,4.99,2007-01-28 20:31:51.996577
16149,313,2,712,2.99,2007-01-29 02:30:50.996577
16150,313,2,781,0.99,2007-01-29 12:52:24.996577
16151,313,2,843,0.99,2007-01-29 23:12:50.996577
16152,314,1,80,5.99,2007-01-25 10:40:33.996577
16153,314,1,440,4.99,2007-01-27 16:29:01.996577
16154,315,1,537,8.99,2007-01-28 04:49:21.996577
16155,315,1,551,4.99,2007-01-28 06:12:44.996577
16156,316,1,16,4.99,2007-01-24 23:11:37.996577
16157,316,1,644,8.99,2007-01-28 17:27:38.996577
16158,316,1,1065,1.99,2007-01-31 07:23:22.996577
16159,317,1,107,6.99,2007-01-25 16:56:35.996577
16160,318,1,224,9.99,2007-01-26 08:46:53.996577
16161,319,1,15,9.99,2007-01-24 23:07:48.996577
16162,319,1,149,3.99,2007-01-25 22:56:31.996577
16163,319,1,439,2.99,2007-01-27 16:23:14.996577
16164,321,2,200,4.99,2007-01-26 05:40:47.996577
16165,321,1,620,5.99,2007-01-28 14:23:11.996577
16166,321,2,818,4.99,2007-01-29 19:16:19.996577
16167,322,2,166,0.99,2007-01-26 01:17:37.996577
16168,322,1,269,4.99,2007-01-26 14:48:12.996577
16169,323,1,58,4.99,2007-01-25 07:21:40.996577
16170,323,2,729,2.99,2007-01-29 05:03:39.996577
16171,323,1,878,5.99,2007-01-30 04:17:39.996577
16172,324,2,563,3.99,2007-01-28 07:39:15.996577
16173,325,1,131,5.99,2007-01-25 20:11:12.996577
16174,326,1,875,6.99,2007-01-30 04:06:50.996577
16175,326,2,981,4.99,2007-01-30 20:21:08.996577
16176,326,2,1149,3.99,2007-01-31 19:31:43.996577
16177,327,1,653,6.99,2007-01-28 18:40:46.996577
16178,328,2,862,2.99,2007-01-30 01:37:37.996577
16179,330,1,704,3.99,2007-01-29 01:13:09.996577
16180,330,2,967,7.99,2007-01-30 17:40:32.996577
16181,331,2,87,0.99,2007-01-25 12:21:09.996577
16182,331,1,996,2.99,2007-01-30 22:34:46.996577
16183,332,2,600,3.99,2007-01-28 12:36:45.996577
16184,332,1,1000,6.99,2007-01-30 22:54:22.996577
16185,333,1,4,4.99,2007-01-24 21:33:07.996577
16186,334,1,13,6.99,2007-01-24 22:51:21.996577
16187,334,1,431,8.99,2007-01-27 14:59:31.996577
16188,337,1,374,6.99,2007-01-27 06:54:56.996577
16189,337,1,572,4.99,2007-01-28 08:58:39.996577
16190,337,1,839,8.99,2007-01-29 22:56:38.996577
16191,338,1,675,0.99,2007-01-28 20:51:10.996577
16192,339,1,876,5.99,2007-01-30 04:09:48.996577
16193,343,2,102,3.99,2007-01-25 15:50:36.996577
16194,343,1,455,3.99,2007-01-27 18:11:55.996577
16195,344,2,157,2.99,2007-01-25 23:53:47.996577
16196,344,2,813,5.99,2007-01-29 18:43:00.996577
16197,345,1,206,0.99,2007-01-26 06:30:20.996577
16198,345,1,363,0.99,2007-01-27 05:42:26.996577
16199,346,1,65,4.99,2007-01-25 08:00:29.996577
16200,346,1,810,4.99,2007-01-29 17:40:30.996577
16201,348,2,153,0.99,2007-01-25 23:16:13.996577
16202,348,2,821,0.99,2007-01-29 19:59:38.996577
16203,349,1,890,4.99,2007-01-30 06:11:30.996577
16204,350,1,24,4.99,2007-01-25 01:21:28.996577
16205,350,1,802,4.99,2007-01-29 16:07:25.996577
16206,351,1,1137,1.99,2007-01-31 17:48:40.996577
16207,352,1,784,2.99,2007-01-29 13:12:48.996577
16208,353,2,1103,6.99,2007-01-31 12:52:44.996577
16209,354,1,140,0.99,2007-01-25 22:02:48.996577
16210,354,2,158,1.99,2007-01-25 23:55:37.996577
16211,354,2,402,0.99,2007-01-27 11:45:44.996577
16212,355,1,1110,3.99,2007-01-31 13:51:17.996577
16213,356,2,1088,4.99,2007-01-31 10:03:39.996577
16214,357,1,144,2.99,2007-01-25 22:18:22.996577
16215,357,1,824,4.99,2007-01-29 20:13:58.996577
16216,357,2,945,0.99,2007-01-30 14:01:43.996577
16217,358,2,858,4.99,2007-01-30 00:38:58.996577
16218,359,1,284,8.99,2007-01-26 17:50:10.996577
16219,359,2,392,2.99,2007-01-27 09:43:08.996577
16220,359,1,528,3.99,2007-01-28 02:58:31.996577
16221,360,1,633,0.99,2007-01-28 16:06:25.996577
16222,360,2,777,4.99,2007-01-29 12:36:24.996577
16223,361,1,368,5.99,2007-01-27 06:10:55.996577
16224,361,2,1120,4.99,2007-01-31 15:05:40.996577
16225,362,2,1035,4.99,2007-01-31 03:29:35.996577
16226,363,1,733,3.99,2007-01-29 06:03:47.996577
16227,364,1,462,5.99,2007-01-27 18:39:02.996577
16228,365,2,120,5.99,2007-01-25 18:06:13.996577
16229,365,1,231,4.99,2007-01-26 10:00:25.996577
16230,366,2,911,6.99,2007-01-30 09:18:48.996577
16231,367,1,939,0.99,2007-01-30 13:18:00.996577
16232,367,1,1089,2.99,2007-01-31 10:06:55.996577
16233,368,1,64,5.99,2007-01-25 07:49:55.996577
16234,368,1,125,5.99,2007-01-25 19:17:16.996577
16235,368,1,836,2.99,2007-01-29 22:25:08.996577
16236,368,1,949,2.99,2007-01-30 14:19:05.996577
16237,369,1,31,4.99,2007-01-25 02:33:43.996577
16238,369,1,294,4.99,2007-01-26 18:58:23.996577
16239,369,2,854,0.99,2007-01-30 00:24:37.996577
16240,369,2,913,7.99,2007-01-30 09:33:24.996577
16241,371,1,26,3.99,2007-01-25 02:05:16.996577
16242,371,2,286,6.99,2007-01-26 18:13:17.996577
16243,371,2,381,4.99,2007-01-27 08:11:51.996577
16244,371,1,384,5.99,2007-01-27 08:46:46.996577
16245,371,1,825,0.99,2007-01-29 20:18:07.996577
16246,371,1,829,2.99,2007-01-29 20:45:08.996577
16247,372,1,617,2.99,2007-01-28 14:17:40.996577
16248,372,1,638,2.99,2007-01-28 16:53:09.996577
16249,373,2,257,4.99,2007-01-26 13:55:31.996577
16250,374,1,521,0.99,2007-01-28 02:00:48.996577
16251,374,2,910,2.99,2007-01-30 09:14:42.996577
16252,374,2,919,0.99,2007-01-30 10:03:32.996577
16253,375,2,307,8.99,2007-01-26 20:16:39.996577
16254,375,1,412,4.99,2007-01-27 12:45:49.996577
16255,375,2,749,4.99,2007-01-29 08:01:59.996577
16256,375,1,873,2.99,2007-01-30 03:43:46.996577
16257,376,1,554,0.99,2007-01-28 06:51:42.996577
16258,378,1,347,0.99,2007-01-27 03:08:59.996577
16259,379,2,209,4.99,2007-01-26 06:42:27.996577
16260,379,1,863,4.99,2007-01-30 01:43:25.996577
16261,380,1,847,3.99,2007-01-29 23:46:41.996577
16262,381,2,169,0.99,2007-01-26 01:37:56.996577
16263,381,2,406,2.99,2007-01-27 12:15:12.996577
16264,381,1,835,2.99,2007-01-29 22:05:26.996577
16265,382,2,356,2.99,2007-01-27 05:00:56.996577
16266,382,1,522,2.99,2007-01-28 02:01:46.996577
16267,383,2,63,0.99,2007-01-25 07:47:42.996577
16268,383,1,766,8.99,2007-01-29 10:15:28.996577
16269,384,2,103,4.99,2007-01-25 15:59:08.996577
16270,384,2,279,2.99,2007-01-26 16:31:16.996577
16271,384,1,898,0.99,2007-01-30 07:54:45.996577
16272,384,2,1013,2.99,2007-01-31 01:05:26.996577
16273,385,1,917,2.99,2007-01-30 09:55:32.996577
16274,385,2,1038,4.99,2007-01-31 03:52:13.996577
16275,386,1,583,7.99,2007-01-28 10:17:21.996577
16276,387,2,302,4.99,2007-01-26 19:42:12.996577
16277,387,1,697,7.99,2007-01-29 00:32:30.996577
16278,387,1,841,4.99,2007-01-29 22:59:43.996577
16279,387,1,1127,3.99,2007-01-31 16:14:15.996577
16280,388,2,21,4.99,2007-01-25 00:28:12.996577
16281,388,2,411,4.99,2007-01-27 12:42:40.996577
16282,389,1,998,4.99,2007-01-30 22:45:23.996577
16283,390,1,254,4.99,2007-01-26 13:12:14.996577
16284,390,2,912,4.99,2007-01-30 09:26:59.996577
16285,391,2,73,4.99,2007-01-25 09:28:33.996577
16286,391,1,210,2.99,2007-01-26 06:42:41.996577
16287,391,1,317,5.99,2007-01-26 21:52:22.996577
16288,391,2,870,2.99,2007-01-30 02:54:13.996577
16289,391,1,891,7.99,2007-01-30 06:11:38.996577
16290,393,1,599,4.99,2007-01-28 12:34:23.996577
16291,393,2,886,0.99,2007-01-30 05:23:17.996577
16292,394,1,213,3.99,2007-01-26 07:12:34.996577
16293,394,1,977,2.99,2007-01-30 19:50:52.996577
16294,396,2,641,5.99,2007-01-28 17:14:13.996577
16295,397,2,1002,0.99,2007-01-30 23:16:22.996577
16296,398,1,486,4.99,2007-01-27 22:19:38.996577
16297,399,2,10,5.99,2007-01-24 22:30:47.996577
16298,399,2,694,6.99,2007-01-29 00:18:09.996577
16299,399,2,883,4.99,2007-01-30 04:49:31.996577
16300,400,1,95,3.99,2007-01-25 14:41:18.996577
16301,400,2,171,6.99,2007-01-26 01:42:41.996577
16302,400,2,516,1.99,2007-01-28 01:40:13.996577
16303,400,2,894,5.99,2007-01-30 06:59:57.996577
16304,401,2,167,4.99,2007-01-26 01:18:57.996577
16305,401,2,446,4.99,2007-01-27 17:17:07.996577
16306,401,2,811,1.99,2007-01-29 17:59:08.996577
16307,402,2,801,1.99,2007-01-29 16:04:16.996577
16308,403,1,442,2.99,2007-01-27 16:40:39.996577
16309,403,1,517,0.99,2007-01-28 01:46:23.996577
16310,404,2,1081,5.99,2007-01-31 09:24:58.996577
16311,405,1,121,2.99,2007-01-25 18:09:55.996577
16312,405,2,770,4.99,2007-01-29 11:25:16.996577
16313,406,1,855,0.99,2007-01-30 00:28:54.996577
16314,407,1,619,7.99,2007-01-28 14:20:52.996577
16315,408,2,3,3.99,2007-01-24 21:32:05.996577
16316,408,2,59,5.99,2007-01-25 07:25:08.996577
16317,408,1,526,2.99,2007-01-28 02:56:03.996577
16318,409,1,310,6.99,2007-01-26 21:09:33.996577
16319,411,2,686,4.99,2007-01-28 22:55:36.996577
16320,411,2,972,1.99,2007-01-30 18:49:33.996577
16321,412,2,191,0.99,2007-01-26 04:42:32.996577
16322,412,1,333,4.99,2007-01-27 01:20:47.996577
16323,412,1,717,0.99,2007-01-29 03:06:10.996577
16324,412,2,1043,3.99,2007-01-31 04:40:06.996577
16325,413,1,40,4.99,2007-01-25 03:37:30.996577
16326,413,1,999,4.99,2007-01-30 22:53:36.996577
16327,414,1,85,4.99,2007-01-25 11:34:00.996577
16328,414,1,261,3.99,2007-01-26 14:12:49.996577
16329,415,2,665,4.99,2007-01-28 20:07:05.996577
16330,416,2,253,0.99,2007-01-26 13:11:40.996577
16331,416,2,724,3.99,2007-01-29 04:21:49.996577
16332,416,2,1031,2.99,2007-01-31 02:51:27.996577
16333,417,1,267,4.99,2007-01-26 14:44:47.996577
16334,417,2,630,8.99,2007-01-28 15:53:17.996577
16335,417,2,833,4.99,2007-01-29 21:50:22.996577
16336,419,1,62,2.99,2007-01-25 07:47:18.996577
16337,420,2,744,4.99,2007-01-29 07:41:34.996577
16338,421,1,507,0.99,2007-01-28 00:59:45.996577
16339,421,1,931,0.99,2007-01-30 11:21:27.996577
16340,422,1,398,0.99,2007-01-27 11:12:29.996577
16341,424,2,403,0.99,2007-01-27 11:57:18.996577
16342,425,2,1098,5.99,2007-01-31 12:20:14.996577
16343,426,2,604,0.99,2007-01-28 13:05:33.996577
16344,427,2,82,6.99,2007-01-25 10:46:12.996577
16345,428,2,634,4.99,2007-01-28 16:09:01.996577
16346,429,2,150,5.99,2007-01-25 22:57:05.996577
16347,429,2,290,2.99,2007-01-26 18:36:59.996577
16348,429,2,601,7.99,2007-01-28 12:36:48.996577
16349,429,2,799,4.99,2007-01-29 15:53:14.996577
16350,429,2,844,4.99,2007-01-29 23:26:46.996577
16351,430,2,30,2.99,2007-01-25 02:29:58.996577
16352,430,1,364,4.99,2007-01-27 05:48:38.996577
16353,431,2,1126,2.99,2007-01-31 15:56:11.996577
16354,432,2,326,7.99,2007-01-26 23:38:37.996577
16355,432,1,550,5.99,2007-01-28 06:07:42.996577
16356,432,1,897,8.99,2007-01-30 07:38:27.996577
16357,433,2,146,8.99,2007-01-25 22:35:37.996577
16358,433,1,691,10.99,2007-01-28 23:29:52.996577
16359,434,2,508,5.99,2007-01-28 01:09:16.996577
16360,435,1,757,7.99,2007-01-29 08:58:13.996577
16361,435,1,806,4.99,2007-01-29 16:59:56.996577
16362,436,1,45,7.99,2007-01-25 04:28:05.996577
16363,436,1,256,3.99,2007-01-26 13:49:24.996577
16364,436,1,848,5.99,2007-01-29 23:48:19.996577
16365,437,1,192,2.99,2007-01-26 04:49:03.996577
16366,437,2,656,4.99,2007-01-28 18:46:50.996577
16367,437,1,666,5.99,2007-01-28 20:17:17.996577
16368,438,2,23,4.99,2007-01-25 01:08:47.996577
16369,438,2,1036,0.99,2007-01-31 03:49:36.996577
16370,438,1,1138,6.99,2007-01-31 17:58:53.996577
16371,439,1,126,2.99,2007-01-25 19:36:25.996577
16372,439,2,367,0.99,2007-01-27 06:05:28.996577
16373,439,1,786,9.99,2007-01-29 13:45:54.996577
16374,440,2,957,4.99,2007-01-30 16:21:55.996577
16375,441,1,823,4.99,2007-01-29 20:08:03.996577
16376,442,2,466,0.99,2007-01-27 19:25:33.996577
16377,442,2,558,6.99,2007-01-28 07:07:09.996577
16378,442,1,632,5.99,2007-01-28 16:06:16.996577
16379,443,2,1068,4.99,2007-01-31 08:00:41.996577
16380,444,1,201,8.99,2007-01-26 05:42:11.996577
16381,444,1,557,0.99,2007-01-28 07:04:48.996577
16382,445,1,481,2.99,2007-01-27 21:17:53.996577
16383,445,1,960,2.99,2007-01-30 16:41:49.996577
16384,446,2,14,0.99,2007-01-24 22:59:41.996577
16385,446,1,236,0.99,2007-01-26 10:22:15.996577
16386,446,1,355,4.99,2007-01-27 04:43:59.996577
16387,447,1,461,2.99,2007-01-27 18:37:21.996577
16388,447,2,732,0.99,2007-01-29 06:01:17.996577
16389,448,1,299,4.99,2007-01-26 19:24:02.996577
16390,448,2,1123,2.99,2007-01-31 15:17:09.996577
16391,449,2,263,4.99,2007-01-26 14:16:06.996577
16392,449,2,325,5.99,2007-01-26 23:38:21.996577
16393,449,1,849,7.99,2007-01-29 23:51:33.996577
16394,450,2,548,3.99,2007-01-28 06:03:22.996577
16395,451,2,77,0.99,2007-01-25 10:00:25.996577
16396,451,2,328,2.99,2007-01-26 23:57:57.996577
16397,451,2,1113,2.99,2007-01-31 14:27:10.996577
16398,452,1,354,2.99,2007-01-27 04:40:52.996577
16399,452,2,714,2.99,2007-01-29 02:43:47.996577
16400,452,1,726,1.99,2007-01-29 04:33:55.996577
16401,454,1,735,7.99,2007-01-29 06:36:39.996577
16402,455,2,115,0.99,2007-01-25 17:41:51.996577
16403,455,2,343,0.99,2007-01-27 02:42:07.996577
16404,456,2,19,4.99,2007-01-24 23:45:50.996577
16405,457,2,1024,7.99,2007-01-31 01:58:45.996577
16406,459,2,2,2.99,2007-01-24 21:22:59.996577
16407,460,1,223,4.99,2007-01-26 08:43:49.996577
16408,460,2,298,0.99,2007-01-26 19:20:52.996577
16409,460,1,880,0.99,2007-01-30 04:40:59.996577
16410,460,2,1064,4.99,2007-01-31 07:18:33.996577
16411,461,1,684,6.99,2007-01-28 22:41:41.996577
16412,462,2,156,2.99,2007-01-25 23:47:31.996577
16413,462,2,590,3.99,2007-01-28 11:35:16.996577
16414,463,1,560,1.99,2007-01-28 07:21:28.996577
16415,464,1,305,3.99,2007-01-26 19:50:33.996577
16416,464,2,373,1.99,2007-01-27 06:44:51.996577
16417,465,2,640,0.99,2007-01-28 17:11:52.996577
16418,466,2,1104,2.99,2007-01-31 12:58:27.996577
16419,467,2,225,4.99,2007-01-26 08:56:16.996577
16420,468,2,101,6.99,2007-01-25 15:45:30.996577
16421,468,1,186,4.99,2007-01-26 04:01:18.996577
16422,468,2,296,6.99,2007-01-26 19:03:45.996577
16423,468,2,459,0.99,2007-01-27 18:28:30.996577
16424,468,1,673,0.99,2007-01-28 20:35:56.996577
16425,469,1,168,0.99,2007-01-26 01:36:09.996577
16426,469,2,506,7.99,2007-01-28 00:37:45.996577
16427,469,2,529,4.99,2007-01-28 03:02:43.996577
16428,469,2,936,1.99,2007-01-30 12:21:15.996577
16429,469,1,1119,2.99,2007-01-31 15:02:53.996577
16430,470,2,60,2.99,2007-01-25 07:26:51.996577
16431,471,1,616,2.99,2007-01-28 14:14:05.996577
16432,472,2,142,0.99,2007-01-25 22:12:13.996577
16433,472,2,249,2.99,2007-01-26 12:47:35.996577
16434,472,2,800,0.99,2007-01-29 15:56:38.996577
16435,472,2,994,4.99,2007-01-30 22:24:02.996577
16436,473,1,348,4.99,2007-01-27 03:19:22.996577
16437,473,2,942,2.99,2007-01-30 13:34:13.996577
16438,473,2,973,3.99,2007-01-30 18:56:11.996577
16439,474,1,816,7.99,2007-01-29 18:55:05.996577
16440,475,2,417,4.99,2007-01-27 13:35:53.996577
16441,475,1,702,0.99,2007-01-29 00:55:56.996577
16442,476,1,489,4.99,2007-01-27 22:37:38.996577
16443,476,1,771,2.99,2007-01-29 11:27:40.996577
16444,477,1,882,2.99,2007-01-30 04:44:32.996577
16445,479,2,132,3.99,2007-01-25 20:15:20.996577
16446,479,1,709,7.99,2007-01-29 02:16:27.996577
16447,480,1,518,0.99,2007-01-28 01:46:28.996577
16448,480,1,720,6.99,2007-01-29 03:45:56.996577
16449,480,2,822,9.99,2007-01-29 20:04:26.996577
16450,481,2,1109,5.99,2007-01-31 13:40:41.996577
16451,482,1,259,8.99,2007-01-26 14:01:12.996577
16452,482,2,680,2.99,2007-01-28 21:55:52.996577
16453,482,2,879,0.99,2007-01-30 04:18:08.996577
16454,483,2,742,6.99,2007-01-29 07:04:56.996577
16455,484,2,35,4.99,2007-01-25 02:53:02.996577
16456,484,2,668,2.99,2007-01-28 20:23:11.996577
16457,484,2,727,2.99,2007-01-29 04:36:41.996577
16458,485,1,1009,2.99,2007-01-31 00:16:01.996577
16459,486,1,909,8.99,2007-01-30 09:12:04.996577
16460,486,2,946,2.99,2007-01-30 14:03:34.996577
16461,486,2,1129,0.99,2007-01-31 16:29:14.996577
16462,489,1,219,4.99,2007-01-26 08:10:11.996577
16463,489,2,513,2.99,2007-01-28 01:36:36.996577
16464,490,2,585,6.99,2007-01-28 10:19:11.996577
16465,490,2,676,4.99,2007-01-28 20:56:17.996577
16466,491,1,484,2.99,2007-01-27 21:55:11.996577
16467,491,2,1097,0.99,2007-01-31 12:07:08.996577
16468,492,1,84,2.99,2007-01-25 11:04:56.996577
16469,493,1,543,7.99,2007-01-28 05:12:00.996577
16470,494,1,608,4.99,2007-01-28 13:32:10.996577
16471,495,2,623,4.99,2007-01-28 14:29:54.996577
16472,495,2,741,4.99,2007-01-29 07:04:15.996577
16473,496,2,322,4.99,2007-01-26 23:16:01.996577
16474,496,2,966,0.99,2007-01-30 17:29:03.996577
16475,497,1,1100,7.99,2007-01-31 12:31:47.996577
16476,498,2,49,2.99,2007-01-25 05:08:01.996577
16477,498,1,429,8.99,2007-01-27 14:49:52.996577
16478,498,2,718,2.99,2007-01-29 03:20:49.996577
16479,499,2,89,2.99,2007-01-25 12:56:55.996577
16480,500,1,112,8.99,2007-01-25 17:25:50.996577
16481,500,1,389,8.99,2007-01-27 09:14:07.996577
16482,500,1,610,0.99,2007-01-28 13:43:51.996577
16483,501,1,493,0.99,2007-01-27 23:02:37.996577
16484,501,1,605,1.99,2007-01-28 13:07:36.996577
16485,502,2,258,2.99,2007-01-26 13:56:40.996577
16486,502,1,861,0.99,2007-01-30 01:16:58.996577
16487,502,1,893,2.99,2007-01-30 06:35:25.996577
16488,502,2,965,0.99,2007-01-30 17:28:40.996577
16489,503,2,109,1.99,2007-01-25 17:08:46.996577
16490,503,1,353,5.99,2007-01-27 04:32:05.996577
16491,503,1,631,2.99,2007-01-28 16:04:58.996577
16492,503,1,1074,4.99,2007-01-31 08:33:08.996577
16493,504,2,136,5.99,2007-01-25 20:30:56.996577
16494,504,2,470,4.99,2007-01-27 19:45:34.996577
16495,504,1,838,4.99,2007-01-29 22:56:23.996577
16496,505,1,159,2.99,2007-01-26 00:02:54.996577
16497,505,1,645,2.99,2007-01-28 17:42:35.996577
16498,506,1,114,3.99,2007-01-25 17:41:08.996577
16499,506,2,387,2.99,2007-01-27 09:03:53.996577
16500,506,2,410,3.99,2007-01-27 12:39:48.996577
16501,506,1,547,8.99,2007-01-28 05:52:54.996577
16502,506,2,907,0.99,2007-01-30 09:05:53.996577
16503,506,1,1042,2.99,2007-01-31 04:21:26.996577
16504,506,2,1153,4.99,2007-01-31 20:05:10.996577
16505,507,1,52,0.99,2007-01-25 05:19:55.996577
16506,507,2,713,4.99,2007-01-29 02:38:43.996577
16507,508,1,369,2.99,2007-01-27 06:15:15.996577
16508,508,2,921,2.99,2007-01-30 10:21:35.996577
16509,509,1,22,4.99,2007-01-25 00:47:49.996577
16510,509,1,831,8.99,2007-01-29 21:18:51.996577
16511,510,1,75,8.99,2007-01-25 09:42:00.996577
16512,510,1,372,5.99,2007-01-27 06:42:24.996577
16513,510,2,1118,4.99,2007-01-31 14:51:28.996577
16514,511,1,56,2.99,2007-01-25 06:56:37.996577
16515,511,1,819,3.99,2007-01-29 19:28:58.996577
16516,513,2,993,4.99,2007-01-30 22:22:45.996577
16517,514,2,536,4.99,2007-01-28 04:45:59.996577
16518,515,2,187,8.99,2007-01-26 04:11:03.996577
16519,515,2,292,6.99,2007-01-26 18:50:38.996577
16520,516,2,339,3.99,2007-01-27 02:15:44.996577
16521,516,1,571,1.99,2007-01-28 08:46:07.996577
16522,517,2,850,4.99,2007-01-30 00:03:38.996577
16523,518,1,710,2.99,2007-01-29 02:17:02.996577
16524,519,1,1056,3.99,2007-01-31 06:16:33.996577
16525,520,1,962,6.99,2007-01-30 17:13:43.996577
16526,522,2,426,5.99,2007-01-27 14:25:23.996577
16527,523,1,42,4.99,2007-01-25 03:53:24.996577
16528,523,2,664,0.99,2007-01-28 19:59:34.996577
16529,524,2,118,0.99,2007-01-25 17:59:44.996577
16530,524,1,982,4.99,2007-01-30 20:43:50.996577
16531,525,1,437,5.99,2007-01-27 16:15:48.996577
16532,526,1,495,4.99,2007-01-27 23:09:14.996577
16533,526,2,679,4.99,2007-01-28 21:53:23.996577
16534,526,2,1015,2.99,2007-01-31 01:13:23.996577
16535,528,1,204,0.99,2007-01-26 05:59:03.996577
16536,528,2,472,0.99,2007-01-27 20:04:41.996577
16537,528,1,533,5.99,2007-01-28 04:43:12.996577
16538,528,2,695,3.99,2007-01-29 00:19:19.996577
16539,528,2,793,5.99,2007-01-29 15:12:34.996577
16540,529,1,453,2.99,2007-01-27 17:59:42.996577
16541,530,1,851,0.99,2007-01-30 00:03:41.996577
16542,531,1,233,4.99,2007-01-26 10:12:10.996577
16543,531,1,681,2.99,2007-01-28 22:08:10.996577
16544,532,1,43,2.99,2007-01-25 04:07:51.996577
16545,533,1,173,0.99,2007-01-26 02:10:36.996577
16546,533,2,190,1.99,2007-01-26 04:39:54.996577
16547,533,1,615,5.99,2007-01-28 14:04:18.996577
16548,534,2,304,5.99,2007-01-26 19:49:54.996577
16549,534,2,940,0.99,2007-01-30 13:29:28.996577
16550,535,1,37,0.99,2007-01-25 03:12:57.996577
16551,535,2,541,2.99,2007-01-28 05:10:24.996577
16552,535,1,778,3.99,2007-01-29 12:38:19.996577
16553,535,2,959,4.99,2007-01-30 16:35:26.996577
16554,536,1,237,0.99,2007-01-26 10:43:39.996577
16555,536,1,929,6.99,2007-01-30 11:01:05.996577
16556,537,2,603,4.99,2007-01-28 12:56:17.996577
16557,538,2,594,2.99,2007-01-28 12:10:22.996577
16558,538,2,734,4.99,2007-01-29 06:07:18.996577
16559,539,2,250,4.99,2007-01-26 12:58:50.996577
16560,539,1,342,0.99,2007-01-27 02:39:30.996577
16561,541,1,1021,7.99,2007-01-31 01:44:41.996577
16562,541,1,1066,4.99,2007-01-31 07:35:59.996577
16563,542,1,220,4.99,2007-01-26 08:35:15.996577
16564,542,2,376,4.99,2007-01-27 07:26:41.996577
16565,543,1,243,6.99,2007-01-26 11:34:31.996577
16566,543,2,476,1.99,2007-01-27 21:00:02.996577
16567,544,1,397,2.99,2007-01-27 10:57:28.996577
16568,544,1,864,2.99,2007-01-30 01:55:43.996577
16569,545,2,248,0.99,2007-01-26 12:36:24.996577
16570,545,2,715,3.99,2007-01-29 02:51:07.996577
16571,546,1,197,5.99,2007-01-26 05:27:47.996577
16572,546,1,482,6.99,2007-01-27 21:21:28.996577
16573,547,1,306,0.99,2007-01-26 20:00:23.996577
16574,547,2,443,8.99,2007-01-27 17:03:46.996577
16575,547,2,1094,1.99,2007-01-31 11:32:15.996577
16576,548,2,177,6.99,2007-01-26 02:42:55.996577
16577,548,1,743,4.99,2007-01-29 07:07:28.996577
16578,548,2,872,3.99,2007-01-30 03:31:30.996577
16579,549,1,6,0.99,2007-01-24 21:36:33.996577
16580,549,2,852,4.99,2007-01-30 00:05:23.996577
16581,549,1,906,3.99,2007-01-30 08:59:04.996577
16582,549,2,1086,4.99,2007-01-31 09:46:03.996577
16583,550,2,922,7.99,2007-01-30 10:24:21.996577
16584,551,2,155,7.99,2007-01-25 23:43:31.996577
16585,551,1,728,2.99,2007-01-29 04:41:04.996577
16586,551,1,795,0.99,2007-01-29 15:26:05.996577
16587,551,2,969,4.99,2007-01-30 17:52:14.996577
16588,551,2,1005,3.99,2007-01-30 23:21:51.996577
16589,552,2,174,0.99,2007-01-26 02:12:36.996577
16590,553,2,789,4.99,2007-01-29 14:45:33.996577
16591,554,1,607,2.99,2007-01-28 13:31:07.996577
16592,554,1,817,2.99,2007-01-29 19:07:40.996577
16593,556,1,184,0.99,2007-01-26 03:58:15.996577
16594,556,2,772,5.99,2007-01-29 11:36:32.996577
16595,556,1,1083,3.99,2007-01-31 09:33:14.996577
16596,557,2,467,4.99,2007-01-27 19:38:29.996577
16597,557,1,478,4.99,2007-01-27 21:06:46.996577
16598,560,1,137,2.99,2007-01-25 20:53:44.996577
16599,561,1,902,4.99,2007-01-30 08:22:02.996577
16600,561,2,971,4.99,2007-01-30 18:39:18.996577
16601,562,2,788,2.99,2007-01-29 14:42:21.996577
16602,562,1,941,2.99,2007-01-30 13:30:51.996577
16603,562,1,1139,5.99,2007-01-31 18:03:18.996577
16604,563,1,758,4.99,2007-01-29 09:00:22.996577
16605,563,2,773,5.99,2007-01-29 11:46:31.996577
16606,564,2,195,5.99,2007-01-26 05:21:02.996577
16607,564,1,985,2.99,2007-01-30 20:47:01.996577
16608,565,1,458,6.99,2007-01-27 18:27:02.996577
16609,565,1,1004,0.99,2007-01-30 23:17:02.996577
16610,566,2,234,5.99,2007-01-26 10:15:46.996577
16611,566,2,768,4.99,2007-01-29 10:59:12.996577
16612,569,2,53,4.99,2007-01-25 05:47:42.996577
16613,569,1,487,4.99,2007-01-27 22:28:56.996577
16614,569,1,624,4.99,2007-01-28 14:41:48.996577
16615,569,1,647,1.99,2007-01-28 17:51:18.996577
16616,569,2,1037,3.99,2007-01-31 03:50:51.996577
16617,570,2,1060,7.99,2007-01-31 06:50:09.996577
16618,571,1,228,9.99,2007-01-26 09:22:54.996577
16619,571,2,689,3.99,2007-01-28 23:15:19.996577
16620,572,2,559,7.99,2007-01-28 07:07:28.996577
16621,573,2,827,2.99,2007-01-29 20:27:09.996577
16622,574,2,433,0.99,2007-01-27 15:09:06.996577
16623,575,1,17,2.99,2007-01-24 23:35:02.996577
16624,575,1,395,0.99,2007-01-27 10:14:15.996577
16625,575,2,454,4.99,2007-01-27 18:00:02.996577
16626,575,2,769,2.99,2007-01-29 11:20:10.996577
16627,575,1,774,4.99,2007-01-29 11:48:09.996577
16628,576,2,755,2.99,2007-01-29 08:54:55.996577
16629,576,1,968,0.99,2007-01-30 17:48:29.996577
16630,577,2,291,5.99,2007-01-26 18:49:13.996577
16631,578,2,660,0.99,2007-01-28 19:21:57.996577
16632,580,1,611,0.99,2007-01-28 13:46:44.996577
16633,581,1,976,4.99,2007-01-30 19:39:45.996577
16634,581,1,1151,4.99,2007-01-31 19:57:26.996577
16635,582,1,281,0.99,2007-01-26 17:18:01.996577
16636,584,2,379,4.99,2007-01-27 07:53:58.996577
16637,584,1,626,4.99,2007-01-28 15:26:35.996577
16638,584,1,920,4.99,2007-01-30 10:12:27.996577
16639,586,1,138,4.99,2007-01-25 21:16:48.996577
16640,586,1,900,8.99,2007-01-30 08:07:07.996577
16641,587,1,181,4.99,2007-01-26 03:15:32.996577
16642,587,1,361,0.99,2007-01-27 05:31:54.996577
16643,588,1,576,2.99,2007-01-28 09:24:36.996577
16644,588,1,961,4.99,2007-01-30 16:45:10.996577
16645,589,1,531,0.99,2007-01-28 03:52:04.996577
16646,589,1,596,4.99,2007-01-28 12:28:29.996577
16647,589,1,737,4.99,2007-01-29 06:39:57.996577
16648,590,1,602,3.99,2007-01-28 12:44:20.996577
16649,593,1,790,2.99,2007-01-29 14:47:55.996577
16650,593,1,991,8.99,2007-01-30 21:57:48.996577
16651,594,1,313,4.99,2007-01-26 21:24:45.996577
16652,594,1,360,8.99,2007-01-27 05:19:40.996577
16653,594,2,1018,0.99,2007-01-31 01:22:08.996577
16654,594,1,1045,6.99,2007-01-31 04:57:27.996577
16655,595,1,613,6.99,2007-01-28 13:55:48.996577
16656,596,2,303,4.99,2007-01-26 19:45:18.996577
16657,596,2,625,0.99,2007-01-28 15:04:12.996577
16658,596,2,667,4.99,2007-01-28 20:17:28.996577
16659,596,2,782,1.99,2007-01-29 13:07:23.996577
16660,596,1,914,2.99,2007-01-30 09:34:26.996577
16661,596,1,974,6.99,2007-01-30 18:57:08.996577
16662,597,2,34,2.99,2007-01-25 02:47:54.996577
16663,597,2,514,8.99,2007-01-28 01:37:54.996577
16664,599,2,1008,4.99,2007-01-30 23:47:22.996577
16665,203,1,314,0.99,2007-01-26 21:38:07.996577
16666,204,2,251,0.99,2007-01-26 13:04:06.996577
16667,204,2,399,4.99,2007-01-27 11:17:04.996577
16668,204,2,857,4.99,2007-01-30 00:29:49.996577
16669,204,1,1016,1.99,2007-01-31 01:18:09.996577
16670,207,1,39,0.99,2007-01-25 03:20:12.996577
16671,207,1,44,0.99,2007-01-25 04:21:49.996577
16672,207,1,659,0.99,2007-01-28 18:56:19.996577
16673,207,2,826,6.99,2007-01-29 20:24:41.996577
16674,207,2,896,3.99,2007-01-30 07:32:18.996577
16675,207,2,1144,3.99,2007-01-31 18:32:36.996577
16676,208,1,100,4.99,2007-01-25 15:18:54.996577
16677,1,1,76,2.99,2007-01-25 09:59:03.996577
16678,1,1,573,0.99,2007-01-28 09:03:49.996577
16679,2,1,320,4.99,2007-01-26 22:37:50.996577
16680,3,1,435,1.99,2007-01-27 15:45:35.996577
16681,3,1,830,2.99,2007-01-29 21:12:21.996577
16682,5,1,731,0.99,2007-01-29 05:53:42.996577
16683,5,1,1085,6.99,2007-01-31 09:44:09.996577
16684,5,1,1142,1.99,2007-01-31 18:15:04.996577
16685,6,2,57,4.99,2007-01-25 07:11:58.996577
16686,6,1,577,2.99,2007-01-28 09:37:40.996577
16687,6,2,916,0.99,2007-01-30 09:53:27.996577
16688,7,2,46,5.99,2007-01-25 04:32:34.996577
16689,7,2,117,0.99,2007-01-25 17:59:12.996577
16690,7,2,748,2.99,2007-01-29 07:55:26.996577
16691,7,1,975,4.99,2007-01-30 19:35:41.996577
16692,7,1,1063,5.99,2007-01-31 07:12:55.996577
16693,8,2,866,6.99,2007-01-30 02:12:20.996577
16694,9,2,350,4.99,2007-01-27 03:29:54.996577
16695,9,2,877,0.99,2007-01-30 04:17:25.996577
16696,9,2,1075,4.99,2007-01-31 08:42:00.996577
16697,10,2,1140,4.99,2007-01-31 18:04:56.996577
16698,11,1,987,6.99,2007-01-30 21:27:38.996577
16699,12,1,988,4.99,2007-01-30 21:36:29.996577
16700,12,1,1084,4.99,2007-01-31 09:38:43.996577
16701,14,1,151,0.99,2007-01-25 23:05:54.996577
16702,14,1,346,9.99,2007-01-27 03:03:07.996577
16703,14,1,525,5.99,2007-01-28 02:53:59.996577
16704,14,1,671,2.99,2007-01-28 20:32:56.996577
16705,14,2,815,0.99,2007-01-29 18:52:54.996577
16706,16,1,335,3.99,2007-01-27 01:35:36.996577
16707,16,1,593,2.99,2007-01-28 12:01:49.996577
16708,16,2,887,0.99,2007-01-30 05:38:26.996577
16709,16,1,1017,2.99,2007-01-31 01:22:02.996577
16710,17,2,287,2.99,2007-01-26 18:13:20.996577
16711,17,1,580,2.99,2007-01-28 09:48:19.996577
16712,17,2,884,4.99,2007-01-30 05:09:58.996577
16713,18,1,50,2.99,2007-01-25 05:13:19.996577
16714,18,1,116,4.99,2007-01-25 17:56:17.996577
16715,18,1,692,4.99,2007-01-29 00:00:36.996577
16716,19,2,18,0.99,2007-01-24 23:39:13.996577
16717,19,2,110,9.99,2007-01-25 17:12:15.996577
16718,19,1,179,6.99,2007-01-26 02:54:32.996577
16719,19,1,337,2.99,2007-01-27 01:50:56.996577
16720,19,2,591,2.99,2007-01-28 11:39:30.996577
16721,19,2,696,2.99,2007-01-29 00:27:36.996577
16722,20,2,202,2.99,2007-01-26 05:56:02.996577
16723,20,2,497,6.99,2007-01-27 23:23:05.996577
16724,20,2,546,1.99,2007-01-28 05:44:51.996577
16725,21,1,260,3.99,2007-01-26 14:10:46.996577
16726,21,2,463,3.99,2007-01-27 18:40:13.996577
16727,21,1,570,0.99,2007-01-28 08:43:30.996577
16728,22,1,370,4.99,2007-01-27 06:18:09.996577
16729,22,1,556,4.99,2007-01-28 07:00:02.996577
16730,22,2,820,8.99,2007-01-29 19:35:48.996577
16731,23,1,129,8.99,2007-01-25 19:48:29.996577
16732,23,1,654,2.99,2007-01-28 18:43:56.996577
16733,23,2,1090,0.99,2007-01-31 10:32:10.996577
16734,24,2,1007,6.99,2007-01-30 23:30:54.996577
16735,24,2,1077,2.99,2007-01-31 08:51:20.996577
16736,25,1,90,7.99,2007-01-25 12:59:51.996577
16737,25,2,1033,2.99,2007-01-31 03:18:33.996577
16738,26,1,796,2.99,2007-01-29 15:28:10.996577
16739,26,2,1105,2.99,2007-01-31 13:02:22.996577
16740,27,2,787,2.99,2007-01-29 14:31:29.996577
16741,28,2,388,2.99,2007-01-27 09:05:53.996577
16742,28,1,868,2.99,2007-01-30 02:48:21.996577
16743,29,2,194,1.99,2007-01-26 05:20:59.996577
16744,32,2,483,4.99,2007-01-27 21:28:51.996577
16745,32,2,803,4.99,2007-01-29 16:20:56.996577
16746,32,2,1067,4.99,2007-01-31 07:40:39.996577
16747,33,1,165,2.99,2007-01-26 00:57:02.996577
16748,35,2,47,3.99,2007-01-25 04:33:46.996577
16749,35,1,424,6.99,2007-01-27 14:02:27.996577
16750,36,1,349,0.99,2007-01-27 03:21:37.996577
16751,36,1,716,0.99,2007-01-29 03:03:55.996577
16752,37,1,25,0.99,2007-01-25 01:49:46.996577
16753,37,1,923,2.99,2007-01-30 10:27:16.996577
16754,40,1,128,4.99,2007-01-25 19:48:19.996577
16755,42,1,635,5.99,2007-01-28 16:15:23.996577
16756,43,2,123,4.99,2007-01-25 18:55:08.996577
16757,43,1,652,4.99,2007-01-28 18:37:13.996577
16758,44,1,29,0.99,2007-01-25 02:15:38.996577
16759,44,1,99,4.99,2007-01-25 15:18:46.996577
16760,44,1,407,2.99,2007-01-27 12:26:04.996577
16761,44,2,721,0.99,2007-01-29 03:57:13.996577
16762,44,1,904,2.99,2007-01-30 08:48:08.996577
16763,45,2,277,2.99,2007-01-26 16:00:37.996577
16764,46,2,401,2.99,2007-01-27 11:26:21.996577
16765,46,2,432,4.99,2007-01-27 15:08:55.996577
16766,46,1,938,2.99,2007-01-30 13:15:57.996577
16767,47,2,175,3.99,2007-01-26 02:14:52.996577
16768,47,2,207,4.99,2007-01-26 06:33:04.996577
16769,47,1,300,6.99,2007-01-26 19:25:26.996577
16770,48,2,72,0.99,2007-01-25 09:20:39.996577
16771,48,1,297,2.99,2007-01-26 19:17:14.996577
16772,48,1,390,4.99,2007-01-27 09:30:52.996577
16773,49,2,96,1.99,2007-01-25 15:00:45.996577
16774,49,1,239,3.99,2007-01-26 10:58:52.996577
16775,49,2,846,2.99,2007-01-29 23:46:11.996577
16776,49,2,1010,4.99,2007-01-31 00:25:58.996577
16777,50,1,763,4.99,2007-01-29 10:00:41.996577
16778,50,1,794,4.99,2007-01-29 15:12:37.996577
16779,50,1,905,4.99,2007-01-30 08:53:26.996577
16780,50,1,1029,4.99,2007-01-31 02:20:28.996577
16781,50,2,1136,4.99,2007-01-31 17:48:02.996577
16782,51,2,119,4.99,2007-01-25 18:05:28.996577
16783,51,1,661,4.99,2007-01-28 19:29:51.996577
16784,51,2,1028,4.99,2007-01-31 02:16:31.996577
16785,52,1,874,0.99,2007-01-30 04:04:47.996577
16786,53,1,88,3.99,2007-01-25 12:42:20.996577
16787,53,1,378,2.99,2007-01-27 07:51:48.996577
16788,53,1,751,0.99,2007-01-29 08:24:09.996577
16789,53,2,783,5.99,2007-01-29 13:09:44.996577
16790,53,2,856,9.99,2007-01-30 00:29:47.996577
16791,53,1,1107,2.99,2007-01-31 13:32:31.996577
16792,54,2,198,4.99,2007-01-26 05:32:15.996577
16793,54,2,441,4.99,2007-01-27 16:39:31.996577
16794,54,2,545,3.99,2007-01-28 05:38:46.996577
16795,55,1,555,4.99,2007-01-28 06:59:40.996577
16796,55,1,1027,9.99,2007-01-31 02:14:45.996577
16797,55,1,1048,0.99,2007-01-31 05:18:19.996577
16798,56,1,130,3.99,2007-01-25 19:50:22.996577
16799,56,1,341,5.99,2007-01-27 02:30:08.996577
16800,56,1,496,2.99,2007-01-27 23:12:07.996577
16801,56,1,569,6.99,2007-01-28 08:41:07.996577
16802,57,2,152,9.99,2007-01-25 23:09:36.996577
16803,57,2,943,4.99,2007-01-30 13:48:45.996577
16804,58,1,230,0.99,2007-01-26 10:00:16.996577
16805,58,2,276,7.99,2007-01-26 15:44:33.996577
16806,58,2,761,0.99,2007-01-29 09:37:27.996577
16807,59,2,212,4.99,2007-01-26 07:03:07.996577
16808,59,2,951,2.99,2007-01-30 14:39:01.996577
16809,59,1,1154,5.99,2007-01-31 20:10:35.996577
16810,60,1,318,4.99,2007-01-26 22:06:05.996577
16811,60,2,706,1.99,2007-01-29 01:34:15.996577
16812,60,2,934,2.99,2007-01-30 11:53:12.996577
16813,61,1,1157,0.99,2007-01-31 21:16:11.996577
16814,62,2,885,0.99,2007-01-30 05:22:54.996577
16815,62,1,947,4.99,2007-01-30 14:05:23.996577
16816,64,1,494,4.99,2007-01-27 23:07:57.996577
16817,64,1,587,0.99,2007-01-28 10:33:59.996577
16818,64,1,1001,2.99,2007-01-30 23:14:57.996577
16819,65,1,295,4.99,2007-01-26 19:01:46.996577
16820,65,2,657,0.99,2007-01-28 18:51:35.996577
16821,66,2,933,4.99,2007-01-30 11:37:11.996577
16822,67,2,331,9.99,2007-01-27 00:50:52.996577
16823,67,1,767,2.99,2007-01-29 10:48:45.996577
16824,69,2,584,4.99,2007-01-28 10:17:26.996577
16825,69,2,765,1.99,2007-01-29 10:07:00.996577
16826,70,2,1044,4.99,2007-01-31 04:53:10.996577
16827,71,1,199,2.99,2007-01-26 05:40:24.996577
16828,71,1,272,9.99,2007-01-26 14:55:37.996577
16829,72,2,785,4.99,2007-01-29 13:37:07.996577
16830,72,2,845,4.99,2007-01-29 23:45:51.996577
16831,72,2,1047,0.99,2007-01-31 05:14:23.996577
16832,73,1,70,2.99,2007-01-25 08:43:49.996577
16833,73,2,1133,4.99,2007-01-31 17:40:47.996577
16834,74,2,1121,6.99,2007-01-31 15:06:02.996577
16835,75,1,180,4.99,2007-01-26 03:14:49.996577
16836,75,2,268,0.99,2007-01-26 14:47:34.996577
16837,76,2,574,1.99,2007-01-28 09:12:54.996577
16838,76,1,926,0.99,2007-01-30 10:44:20.996577
16839,77,2,319,2.99,2007-01-26 22:20:39.996577
16840,77,1,419,1.99,2007-01-27 13:43:37.996577
16841,77,2,561,2.99,2007-01-28 07:22:32.996577
16842,77,1,586,0.99,2007-01-28 10:31:26.996577
16843,77,1,760,5.99,2007-01-29 09:35:51.996577
16844,79,1,840,4.99,2007-01-29 22:57:07.996577
16845,79,1,859,2.99,2007-01-30 01:04:46.996577
16846,79,1,928,2.99,2007-01-30 10:55:40.996577
16847,81,1,289,0.99,2007-01-26 18:29:35.996577
16848,82,2,145,2.99,2007-01-25 22:27:29.996577
16849,82,2,288,8.99,2007-01-26 18:16:15.996577
16850,83,2,222,0.99,2007-01-26 08:43:04.996577
16851,83,2,950,0.99,2007-01-30 14:34:34.996577
16852,83,2,989,2.99,2007-01-30 21:40:17.996577
16853,84,2,408,0.99,2007-01-27 12:26:05.996577
16854,84,1,739,6.99,2007-01-29 06:56:44.996577
16855,84,1,834,4.99,2007-01-29 21:52:56.996577
16856,85,1,690,9.99,2007-01-28 23:23:19.996577
16857,85,2,908,4.99,2007-01-30 09:07:03.996577
16858,86,1,66,1.99,2007-01-25 08:03:38.996577
16859,87,2,451,4.99,2007-01-27 17:56:20.996577
16860,87,1,674,2.99,2007-01-28 20:40:01.996577
16861,88,2,36,2.99,2007-01-25 03:04:52.996577
16862,89,2,141,2.99,2007-01-25 22:03:19.996577
16863,89,2,588,0.99,2007-01-28 10:37:03.996577
16864,89,1,740,5.99,2007-01-29 06:59:02.996577
16865,91,2,216,5.99,2007-01-26 07:46:09.996577
16866,92,1,271,5.99,2007-01-26 14:50:27.996577
16867,92,1,456,4.99,2007-01-27 18:18:32.996577
16868,93,2,113,2.99,2007-01-25 17:36:06.996577
16869,93,2,420,6.99,2007-01-27 13:48:04.996577
16870,93,1,1025,4.99,2007-01-31 02:10:03.996577
16871,94,1,127,2.99,2007-01-25 19:39:06.996577
16872,94,2,629,4.99,2007-01-28 15:47:41.996577
16873,95,1,490,4.99,2007-01-27 22:38:22.996577
16874,98,2,214,3.99,2007-01-26 07:17:15.996577
16875,99,2,867,0.99,2007-01-30 02:23:09.996577
16876,100,1,71,0.99,2007-01-25 08:55:05.996577
16877,101,1,468,9.99,2007-01-27 19:41:36.996577
16878,102,1,247,4.99,2007-01-26 12:29:31.996577
16879,102,1,358,0.99,2007-01-27 05:12:25.996577
16880,102,2,562,1.99,2007-01-28 07:29:47.996577
16881,103,1,240,7.99,2007-01-26 11:08:49.996577
16882,103,1,658,9.99,2007-01-28 18:51:49.996577
16883,104,1,163,10.99,2007-01-26 00:54:49.996577
16884,104,2,808,3.99,2007-01-29 17:36:46.996577
16885,105,1,327,8.99,2007-01-26 23:47:23.996577
16886,105,2,473,7.99,2007-01-27 20:05:00.996577
16887,105,1,485,2.99,2007-01-27 22:09:18.996577
16888,105,1,779,6.99,2007-01-29 12:45:43.996577
16889,106,2,552,3.99,2007-01-28 06:22:04.996577
16890,106,2,1156,0.99,2007-01-31 21:06:00.996577
16891,107,1,170,5.99,2007-01-26 01:39:38.996577
16892,107,1,1026,5.99,2007-01-31 02:13:52.996577
16893,108,1,105,4.99,2007-01-25 16:22:38.996577
16894,108,2,1055,0.99,2007-01-31 06:15:44.996577
16895,109,1,203,5.99,2007-01-26 05:56:23.996577
16896,109,1,386,0.99,2007-01-27 08:54:57.996577
16897,109,2,622,3.99,2007-01-28 14:26:48.996577
16898,109,1,698,0.99,2007-01-29 00:39:18.996577
16899,109,1,1061,7.99,2007-01-31 06:56:24.996577
16900,109,1,1106,4.99,2007-01-31 13:05:18.996577
16901,109,1,1115,2.99,2007-01-31 14:35:35.996577
16902,110,1,515,7.99,2007-01-28 01:38:36.996577
16903,110,2,538,1.99,2007-01-28 04:49:31.996577
16904,111,2,505,2.99,2007-01-28 00:35:03.996577
16905,112,1,396,0.99,2007-01-27 10:15:30.996577
16906,112,2,701,2.99,2007-01-29 00:54:53.996577
16907,113,1,510,0.99,2007-01-28 01:20:40.996577
16908,113,2,776,0.99,2007-01-29 12:04:01.996577
16909,114,1,205,4.99,2007-01-26 06:28:03.996577
16910,114,1,255,4.99,2007-01-26 13:20:41.996577
16911,114,2,889,2.99,2007-01-30 05:43:19.996577
16912,115,1,915,0.99,2007-01-30 09:48:53.996577
16913,115,1,983,0.99,2007-01-30 20:44:17.996577
16914,115,1,1102,2.99,2007-01-31 12:48:55.996577
16915,116,1,1058,4.99,2007-01-31 06:32:43.996577
16916,117,1,700,0.99,2007-01-29 00:47:20.996577
16917,117,2,1114,0.99,2007-01-31 14:28:59.996577
16918,118,2,351,5.99,2007-01-27 04:07:29.996577
16919,119,2,67,0.99,2007-01-25 08:09:27.996577
16920,119,1,235,5.99,2007-01-26 10:19:35.996577
16921,119,2,540,6.99,2007-01-28 05:08:51.996577
16922,120,2,68,7.99,2007-01-25 08:15:57.996577
16923,120,2,532,0.99,2007-01-28 04:05:24.996577
16924,121,1,217,4.99,2007-01-26 07:52:52.996577
16925,122,2,853,0.99,2007-01-30 00:11:57.996577
16926,122,2,1135,4.99,2007-01-31 17:43:37.996577
16927,123,1,992,2.99,2007-01-30 22:16:22.996577
16928,124,1,775,0.99,2007-01-29 11:51:52.996577
16929,124,2,1039,4.99,2007-01-31 04:00:55.996577
16930,124,2,1057,3.99,2007-01-31 06:26:32.996577
16931,124,2,1130,5.99,2007-01-31 16:42:23.996577
16932,125,2,185,3.99,2007-01-26 03:58:29.996577
16933,126,1,9,4.99,2007-01-24 22:29:06.996577
16934,126,1,752,4.99,2007-01-29 08:42:41.996577
16935,126,2,1054,4.99,2007-01-31 06:01:51.996577
16936,127,1,452,0.99,2007-01-27 17:58:59.996577
16937,127,1,708,0.99,2007-01-29 01:52:13.996577
16938,128,2,888,5.99,2007-01-30 05:41:40.996577
16939,128,2,1131,2.99,2007-01-31 17:12:45.996577
16940,130,1,1,2.99,2007-01-24 21:21:56.996577
16941,130,1,746,2.99,2007-01-29 07:53:36.996577
16942,131,2,55,2.99,2007-01-25 06:54:39.996577
16943,131,1,83,4.99,2007-01-25 10:58:41.996577
16944,131,2,944,7.99,2007-01-30 13:54:50.996577
16945,133,1,275,6.99,2007-01-26 15:38:19.996577
16946,133,2,447,2.99,2007-01-27 17:25:28.996577
16947,134,1,366,3.99,2007-01-27 06:02:20.996577
16948,134,2,798,0.99,2007-01-29 15:52:09.996577
16949,134,1,814,6.99,2007-01-29 18:44:38.996577
16950,134,2,1124,4.99,2007-01-31 15:18:00.996577
16951,135,1,78,5.99,2007-01-25 10:03:44.996577
16952,135,2,753,3.99,2007-01-29 08:45:08.996577
16953,136,2,1150,2.99,2007-01-31 19:48:35.996577
16954,137,1,925,2.99,2007-01-30 10:42:18.996577
16955,138,1,523,2.99,2007-01-28 02:21:52.996577
16956,138,1,1020,0.99,2007-01-31 01:34:34.996577
16957,141,2,930,2.99,2007-01-30 11:13:23.996577
16958,142,2,11,8.99,2007-01-24 22:37:28.996577
16959,142,1,148,0.99,2007-01-25 22:53:49.996577
16960,142,1,575,9.99,2007-01-28 09:24:35.996577
16961,143,1,221,2.99,2007-01-26 08:42:35.996577
16962,143,1,312,2.99,2007-01-26 21:20:45.996577
16963,144,1,323,2.99,2007-01-26 23:17:53.996577
16964,144,2,345,2.99,2007-01-27 03:00:51.996577
16965,145,1,500,0.99,2007-01-27 23:33:51.996577
16966,146,2,762,7.99,2007-01-29 09:44:17.996577
16967,146,1,1073,4.99,2007-01-31 08:23:30.996577
16968,147,1,362,0.99,2007-01-27 05:38:51.996577
16969,147,1,509,0.99,2007-01-28 01:19:38.996577
16970,148,1,682,4.99,2007-01-28 22:21:44.996577
16971,149,1,764,4.99,2007-01-29 10:06:01.996577
16972,150,1,422,3.99,2007-01-27 14:00:21.996577
16973,150,1,609,2.99,2007-01-28 13:32:28.996577
16974,150,1,995,3.99,2007-01-30 22:34:28.996577
16975,151,2,164,4.99,2007-01-26 00:55:15.996577
16976,151,2,418,5.99,2007-01-27 13:41:43.996577
16977,152,2,359,4.99,2007-01-27 05:16:59.996577
16978,152,1,745,4.99,2007-01-29 07:51:23.996577
16979,154,1,469,5.99,2007-01-27 19:42:52.996577
16980,154,2,865,7.99,2007-01-30 02:08:10.996577
16981,154,2,978,5.99,2007-01-30 19:59:18.996577
16982,155,1,568,2.99,2007-01-28 08:26:02.996577
16983,156,2,899,6.99,2007-01-30 07:57:56.996577
16984,156,1,1052,4.99,2007-01-31 05:35:29.996577
16985,157,2,352,0.99,2007-01-27 04:16:45.996577
16986,157,1,642,4.99,2007-01-28 17:17:38.996577
16987,158,2,245,4.99,2007-01-26 12:15:25.996577
16988,158,1,293,5.99,2007-01-26 18:55:28.996577
16989,159,2,475,2.99,2007-01-27 20:44:52.996577
16990,159,2,549,1.99,2007-01-28 06:04:03.996577
16991,159,1,598,0.99,2007-01-28 12:33:16.996577
16992,159,1,832,3.99,2007-01-29 21:19:46.996577
16993,161,2,428,2.99,2007-01-27 14:39:24.996577
16994,161,2,477,3.99,2007-01-27 21:01:59.996577
16995,161,1,520,5.99,2007-01-28 01:56:03.996577
16996,161,2,539,0.99,2007-01-28 04:54:42.996577
16997,161,1,612,2.99,2007-01-28 13:53:20.996577
16998,161,1,1003,0.99,2007-01-30 23:16:46.996577
16999,162,1,285,1.99,2007-01-26 18:10:06.996577
17000,162,1,501,4.99,2007-01-27 23:38:02.996577
17001,162,1,688,4.99,2007-01-28 23:13:50.996577
17002,164,2,1011,1.99,2007-01-31 00:34:05.996577
17003,165,2,338,4.99,2007-01-27 02:11:18.996577
17004,166,1,662,1.99,2007-01-28 19:37:57.996577
17005,167,1,280,2.99,2007-01-26 17:05:24.996577
17006,167,1,365,2.99,2007-01-27 05:59:46.996577
17007,167,1,927,4.99,2007-01-30 10:45:06.996577
17008,168,2,404,0.99,2007-01-27 12:00:17.996577
17009,168,1,488,4.99,2007-01-27 22:36:16.996577
17010,169,2,527,3.99,2007-01-28 02:57:04.996577
17011,169,1,1087,4.99,2007-01-31 09:46:34.996577
17012,170,1,211,2.99,2007-01-26 07:01:36.996577
17013,170,1,377,5.99,2007-01-27 07:32:31.996577
17014,170,2,504,0.99,2007-01-28 00:34:00.996577
17015,171,2,804,9.99,2007-01-29 16:38:50.996577
17016,172,2,449,3.99,2007-01-27 17:41:41.996577
17017,172,1,685,6.99,2007-01-28 22:46:17.996577
17018,172,1,837,0.99,2007-01-29 22:30:34.996577
17019,173,2,578,2.99,2007-01-28 09:44:14.996577
17020,173,1,628,4.99,2007-01-28 15:34:12.996577
17021,174,1,41,5.99,2007-01-25 03:40:55.996577
17022,174,2,1071,4.99,2007-01-31 08:17:22.996577
17023,176,1,172,0.99,2007-01-26 01:46:08.996577
17024,176,2,380,6.99,2007-01-27 08:03:05.996577
17025,176,1,553,3.99,2007-01-28 06:43:10.996577
17026,176,1,663,1.99,2007-01-28 19:51:28.996577
17027,176,1,1062,7.99,2007-01-31 07:06:46.996577
17028,179,1,502,0.99,2007-01-28 00:03:09.996577
17029,179,1,759,6.99,2007-01-29 09:26:23.996577
17030,179,1,1046,4.99,2007-01-31 05:10:56.996577
17031,180,1,1122,2.99,2007-01-31 15:07:59.996577
17032,181,2,579,6.99,2007-01-28 09:47:49.996577
17033,182,2,161,0.99,2007-01-26 00:20:14.996577
17034,182,2,425,3.99,2007-01-27 14:19:56.996577
17035,183,1,382,0.99,2007-01-27 08:40:26.996577
17036,184,1,196,2.99,2007-01-26 05:24:24.996577
17037,184,2,534,4.99,2007-01-28 04:43:51.996577
17038,184,1,567,1.99,2007-01-28 08:24:46.996577
17039,185,2,20,2.99,2007-01-25 00:17:07.996577
17040,185,2,154,0.99,2007-01-25 23:24:22.996577
17041,185,1,646,0.99,2007-01-28 17:44:40.996577
17042,186,1,581,1.99,2007-01-28 09:48:55.996577
17043,186,2,958,0.99,2007-01-30 16:26:29.996577
17044,187,1,252,7.99,2007-01-26 13:08:19.996577
17045,189,2,1117,5.99,2007-01-31 14:43:57.996577
17046,190,2,430,4.99,2007-01-27 14:50:36.996577
17047,190,1,693,2.99,2007-01-29 00:10:57.996577
17048,191,1,1134,2.99,2007-01-31 17:42:41.996577
17049,191,2,1152,4.99,2007-01-31 20:00:43.996577
17050,192,1,895,1.99,2007-01-30 07:19:09.996577
17051,193,2,273,2.99,2007-01-26 14:58:02.996577
17052,193,2,464,0.99,2007-01-27 19:11:10.996577
17053,194,2,334,4.99,2007-01-27 01:31:33.996577
17054,194,2,677,7.99,2007-01-28 21:28:34.996577
17055,196,2,106,11.99,2007-01-25 16:46:45.996577
17056,196,2,178,5.99,2007-01-26 02:50:12.996577
17057,196,2,491,2.99,2007-01-27 22:42:01.996577
17058,196,1,1053,1.99,2007-01-31 05:41:10.996577
17059,197,2,94,2.99,2007-01-25 14:32:08.996577
17060,197,1,215,0.99,2007-01-26 07:31:13.996577
17061,197,1,391,2.99,2007-01-27 09:32:21.996577
17062,197,2,649,1.99,2007-01-28 18:04:11.996577
17063,197,1,683,2.99,2007-01-28 22:38:14.996577
17064,197,2,730,3.99,2007-01-29 05:29:25.996577
17065,197,1,903,3.99,2007-01-30 08:39:55.996577
17066,197,1,918,0.99,2007-01-30 10:00:50.996577
17067,198,1,357,0.99,2007-01-27 05:05:41.996577
17068,198,1,582,4.99,2007-01-28 10:02:12.996577
17069,198,2,639,2.99,2007-01-28 16:53:28.996577
17070,198,1,932,2.99,2007-01-30 11:24:02.996577
17071,198,2,1132,4.99,2007-01-31 17:13:19.996577
17072,199,1,499,7.99,2007-01-27 23:33:33.996577
17073,200,2,270,9.99,2007-01-26 14:49:22.996577
17074,201,1,311,3.99,2007-01-26 21:20:03.996577
17075,201,1,670,6.99,2007-01-28 20:32:29.996577
17076,201,2,756,5.99,2007-01-29 08:57:11.996577
17077,209,2,340,9.99,2007-01-27 02:23:51.996577
17078,209,1,471,0.99,2007-01-27 20:01:08.996577
17079,209,2,1143,2.99,2007-01-31 18:21:29.996577
17080,210,1,953,2.99,2007-01-30 15:02:28.996577
17081,211,1,238,4.99,2007-01-26 10:58:48.996577
17082,213,2,385,0.99,2007-01-27 08:51:51.996577
17083,214,1,242,1.99,2007-01-26 11:33:34.996577
17084,214,1,278,3.99,2007-01-26 16:09:24.996577
17085,214,1,1076,2.99,2007-01-31 08:42:57.996577
17086,214,2,1093,2.99,2007-01-31 11:00:52.996577
17087,214,2,1112,0.99,2007-01-31 14:20:05.996577
17088,215,1,711,4.99,2007-01-29 02:17:29.996577
17089,215,2,1080,4.99,2007-01-31 09:23:52.996577
17090,216,1,997,4.99,2007-01-30 22:36:51.996577
17091,217,2,828,2.99,2007-01-29 20:43:21.996577
17092,217,2,1141,8.99,2007-01-31 18:10:28.996577
17093,219,1,414,0.99,2007-01-27 13:16:46.996577
17094,220,2,409,0.99,2007-01-27 12:39:24.996577
17095,220,1,480,3.99,2007-01-27 21:16:05.996577
17096,221,2,226,4.99,2007-01-26 09:12:30.996577
17097,222,1,5,6.99,2007-01-24 21:33:47.996577
17098,222,1,134,4.99,2007-01-25 20:17:07.996577
17099,222,2,416,0.99,2007-01-27 13:30:36.996577
17100,222,2,809,3.99,2007-01-29 17:38:46.996577
17101,222,2,1006,2.99,2007-01-30 23:25:34.996577
17102,223,2,524,2.99,2007-01-28 02:25:54.996577
17103,225,1,812,4.99,2007-01-29 18:28:56.996577
17104,225,1,963,3.99,2007-01-30 17:21:19.996577
17105,227,1,111,4.99,2007-01-25 17:13:45.996577
17106,227,1,1023,3.99,2007-01-31 01:55:16.996577
17107,228,2,492,4.99,2007-01-27 22:53:24.996577
17108,228,2,1070,0.99,2007-01-31 08:08:22.996577
17109,230,1,32,0.99,2007-01-25 02:34:47.996577
17110,230,1,1078,4.99,2007-01-31 08:56:59.996577
17111,231,1,329,5.99,2007-01-27 00:25:40.996577
17112,231,1,479,6.99,2007-01-27 21:07:36.996577
17113,231,1,512,8.99,2007-01-28 01:36:16.996577
17114,232,1,28,4.99,2007-01-25 02:11:03.996577
17115,232,1,805,3.99,2007-01-29 16:46:44.996577
17116,234,2,1125,4.99,2007-01-31 15:52:10.996577
17117,235,2,807,2.99,2007-01-29 17:19:16.996577
17118,235,1,1148,0.99,2007-01-31 19:07:06.996577
17119,236,2,262,2.99,2007-01-26 14:15:22.996577
17120,236,2,344,2.99,2007-01-27 02:58:48.996577
17121,236,1,1032,2.99,2007-01-31 02:57:09.996577
17122,237,2,133,0.99,2007-01-25 20:16:56.996577
17123,237,1,182,4.99,2007-01-26 03:17:43.996577
17124,238,2,315,4.99,2007-01-26 21:41:21.996577
17125,238,1,842,2.99,2007-01-29 23:00:30.996577
17126,239,2,8,4.99,2007-01-24 22:00:12.996577
17127,239,1,444,2.99,2007-01-27 17:07:41.996577
17128,239,1,621,4.99,2007-01-28 14:26:38.996577
17129,239,1,636,6.99,2007-01-28 16:16:24.996577
17130,239,1,1022,7.99,2007-01-31 01:45:11.996577
17131,239,2,1082,5.99,2007-01-31 09:30:27.996577
17132,240,1,246,2.99,2007-01-26 12:25:33.996577
17133,240,1,460,2.99,2007-01-27 18:30:29.996577
17134,240,1,643,4.99,2007-01-28 17:20:37.996577
17135,241,1,627,7.99,2007-01-28 15:33:09.996577
17136,241,1,1059,3.99,2007-01-31 06:49:09.996577
17137,242,1,108,2.99,2007-01-25 16:58:31.996577
17138,242,2,283,3.99,2007-01-26 17:33:31.996577
17139,242,2,881,4.99,2007-01-30 04:44:02.996577
17140,243,1,188,4.99,2007-01-26 04:15:38.996577
17141,244,2,592,4.99,2007-01-28 11:49:34.996577
17142,244,1,797,1.99,2007-01-29 15:40:43.996577
17143,245,2,79,4.99,2007-01-25 10:39:33.996577
17144,245,1,241,0.99,2007-01-26 11:17:27.996577
17145,245,1,519,7.99,2007-01-28 01:50:59.996577
17146,245,1,719,2.99,2007-01-29 03:44:31.996577
17147,245,2,725,2.99,2007-01-29 04:32:07.996577
17148,245,2,948,8.99,2007-01-30 14:12:53.996577
17149,246,1,124,6.99,2007-01-25 19:14:37.996577
17150,246,2,421,8.99,2007-01-27 13:58:39.996577
17151,246,2,434,5.99,2007-01-27 15:22:53.996577
17152,246,1,699,3.99,2007-01-29 00:40:10.996577
17153,246,1,1051,4.99,2007-01-31 05:30:35.996577
17154,247,1,189,4.99,2007-01-26 04:30:07.996577
17155,247,2,448,3.99,2007-01-27 17:31:34.996577
17156,247,1,450,6.99,2007-01-27 17:47:20.996577
17157,248,2,330,7.99,2007-01-27 00:43:56.996577
17158,248,1,618,4.99,2007-01-28 14:18:33.996577
17159,249,2,316,4.99,2007-01-26 21:51:21.996577
17160,249,2,400,2.99,2007-01-27 11:20:10.996577
17161,249,1,438,6.99,2007-01-27 16:21:00.996577
17162,249,1,597,3.99,2007-01-28 12:29:28.996577
17163,250,1,61,5.99,2007-01-25 07:30:23.996577
17164,250,1,176,3.99,2007-01-26 02:16:05.996577
17165,250,1,637,4.99,2007-01-28 16:42:55.996577
17166,250,2,687,0.99,2007-01-28 23:00:35.996577
17167,250,1,1146,2.99,2007-01-31 19:03:11.996577
17168,251,1,264,2.99,2007-01-26 14:29:15.996577
17169,251,1,309,1.99,2007-01-26 21:06:36.996577
17170,251,2,393,2.99,2007-01-27 09:46:51.996577
17171,251,2,1069,3.99,2007-01-31 08:00:57.996577
17172,251,1,1091,4.99,2007-01-31 10:39:30.996577
17173,251,2,1155,2.99,2007-01-31 20:45:37.996577
17174,252,1,707,4.99,2007-01-29 01:46:45.996577
17175,252,1,1095,0.99,2007-01-31 11:44:07.996577
17176,253,1,566,6.99,2007-01-28 08:20:05.996577
17177,253,1,648,0.99,2007-01-28 17:54:20.996577
17178,253,1,986,2.99,2007-01-30 20:51:18.996577
17179,254,1,183,2.99,2007-01-26 03:29:44.996577
17180,254,1,1108,5.99,2007-01-31 13:33:38.996577
17181,256,1,51,4.99,2007-01-25 05:17:36.996577
17182,256,1,232,0.99,2007-01-26 10:06:31.996577
17183,256,2,738,4.99,2007-01-29 06:48:34.996577
17184,256,1,935,2.99,2007-01-30 11:58:02.996577
17185,256,1,1116,0.99,2007-01-31 14:39:12.996577
17186,257,2,139,2.99,2007-01-25 21:28:47.996577
17187,257,2,244,2.99,2007-01-26 12:09:06.996577
17188,257,2,705,2.99,2007-01-29 01:17:18.996577
17189,259,2,722,6.99,2007-01-29 03:58:57.996577
17190,259,2,901,2.99,2007-01-30 08:09:06.996577
17191,259,1,1147,5.99,2007-01-31 19:06:18.996577
17192,260,1,1101,8.99,2007-01-31 12:42:25.996577
17193,261,1,12,4.99,2007-01-24 22:47:53.996577
17194,261,2,465,3.99,2007-01-27 19:13:02.996577
17195,261,2,542,6.99,2007-01-28 05:10:39.996577
17196,261,1,792,0.99,2007-01-29 15:00:36.996577
17197,262,2,984,4.99,2007-01-30 20:45:43.996577
17198,263,1,97,4.99,2007-01-25 15:02:50.996577
17199,263,1,266,0.99,2007-01-26 14:36:31.996577
17200,265,2,74,0.99,2007-01-25 09:38:14.996577
17201,266,1,86,1.99,2007-01-25 12:04:38.996577
17202,266,2,651,2.99,2007-01-28 18:15:16.996577
17203,267,2,91,6.99,2007-01-25 13:25:48.996577
17204,267,1,436,4.99,2007-01-27 15:49:30.996577
17205,267,2,1030,4.99,2007-01-31 02:35:13.996577
17206,577,2,4591,0.99,2007-01-26 23:15:05.996577
